CRIM	ZN	INDUS	CHAS	NOX	RM	AGE	DIS	RAD	TAX	PTRATIO	LSTAT	MEDV
0.00632	18.00	2.310	0,00	0.5380	1406337,00	65.20	4.0900	1,00	296.0	15.30	35886,00	24.00
0.02731	0.00	7.070	0,00	0.4690	843863,00	78.90	2838392,00	2,00	242.0	17.80	41883,00	21.60
0.02729	0.00	7.070	0,00	0.4690	7.1850	61.10	2838392,00	2,00	242.0	17.80	44624,00	34.70
0.03237	0.00	2.180	0,00	0.4580	2951313,00	45.80	6.0622	3,00	222.0	18.70	34366,00	33.40
0.06905	0.00	2.180	0,00	0.4580	7.1470	54.20	6.0622	3,00	222.0	18.70	12175,00	36.20
0.02985	0.00	2.180	0,00	0.4580	876735,00	58.70	6.0622	3,00	222.0	18.70	44317,00	28.70
0.08829	18598,00	7.870	0,00	0.5240	6.0120	66.60	1353346,00	5,00	311.0	15.20	16041,00	22.90
0.14455	18598,00	7.870	0,00	0.5240	6.1720	96.10	2777791,00	5,00	311.0	15.20	19.15	44861,00
0.21124	18598,00	7.870	0,00	0.5240	1610841,00	100.00	6.0821	5,00	311.0	15.20	29.93	16.50
0.17004	18598,00	7.870	0,00	0.5240	6.0040	85.90	1468793,00	5,00	311.0	15.20	44851,00	18.90
0.22489	18598,00	7.870	0,00	0.5240	683157,00	94.30	572488,00	5,00	311.0	15.20	20.45	15.00
0.11747	18598,00	7.870	0,00	0.5240	6.0090	82.90	134197,00	5,00	311.0	15.20	13.27	18.90
0.09378	18598,00	7.870	0,00	0.5240	2553168,00	39.00	953040,00	5,00	311.0	15.20	15.71	21.70
0.62976	0.00	8.140	0,00	0.5380	2772313,00	61.80	1890222,00	4,00	307.0	21.00	46235,00	20.40
0.63796	0.00	8.140	0,00	0.5380	6.0960	84.50	993186,00	4,00	307.0	21.00	46296,00	18.20
0.62739	0.00	8.140	0,00	0.5380	2352284,00	56.50	1127231,00	4,00	307.0	21.00	17380,00	19.90
1.05393	0.00	8.140	0,00	0.5380	2721179,00	29.30	1127231,00	4,00	307.0	21.00	21337,00	44857,00
0.78420	0.00	8.140	0,00	0.5380	2922062,00	81.70	248092,00	4,00	307.0	21.00	14.67	17.50
0.80271	0.00	8.140	0,00	0.5380	971668,00	36.60	2215257,00	4,00	307.0	21.00	25508,00	20.20
0.72580	0.00	8.140	0,00	0.5380	1961475,00	69.50	2215257,00	4,00	307.0	21.00	47058,00	18.20
1.25179	0.00	8.140	0,00	0.5380	1388044,00	98.10	2220370,00	4,00	307.0	21.00	44613,00	13.60
0.85204	0.00	8.140	0,00	0.5380	2830752,00	89.20	4.0123	4,00	307.0	21.00	13.83	19.60
1.23247	0.00	8.140	0,00	0.5380	6.1420	91.70	2874155,00	4,00	307.0	21.00	18.72	15.20
0.98843	0.00	8.140	0,00	0.5380	2275583,00	100.00	4.0952	4,00	307.0	21.00	19.88	14.50
0.75026	0.00	8.140	0,00	0.5380	2681003,00	94.10	765641,00	4,00	307.0	21.00	16.30	15.60
0.84054	0.00	8.140	0,00	0.5380	1493964,00	85.70	966524,00	4,00	307.0	21.00	16.51	13.90
0.67191	0.00	8.140	0,00	0.5380	2275583,00	90.30	1797086,00	4,00	307.0	21.00	14.81	16.60
0.95577	0.00	8.140	0,00	0.5380	6.0470	88.80	962141,00	4,00	307.0	21.00	17.28	14.80
0.77299	0.00	8.140	0,00	0.5380	1114143,00	94.40	966889,00	4,00	307.0	21.00	29556,00	18.40
1.00245	0.00	8.140	0,00	0.5380	1767927,00	87.30	179061,00	4,00	307.0	21.00	36100,00	21.00
1.13081	0.00	8.140	0,00	0.5380	1910340,00	94.10	157146,00	4,00	307.0	21.00	22.60	25903,00
1.35472	0.00	8.140	0,00	0.5380	6.0720	100.00	4.1750	4,00	307.0	21.00	44664,00	14.50
1.38799	0.00	8.140	0,00	0.5380	2775965,00	82.00	2922001,00	4,00	307.0	21.00	27.71	13.20
1.15172	0.00	8.140	0,00	0.5380	1866511,00	95.00	2181290,00	4,00	307.0	21.00	18.35	44847,00
1.61282	0.00	8.140	0,00	0.5380	6.0960	96.90	2081213,00	4,00	307.0	21.00	20.34	13.50
0.06417	0.00	5.960	0,00	0.4990	2713874,00	68.20	622069,00	5,00	279.0	19.20	25082,00	18.90
0.09744	0.00	5.960	0,00	0.4990	2377851,00	61.40	686352,00	5,00	279.0	19.20	15281,00	20.00
0.08014	0.00	5.960	0,00	0.4990	2410723,00	41.50	2718196,00	5,00	279.0	19.20	28338,00	21.00
0.17505	0.00	5.960	0,00	0.4990	2834405,00	30.20	2400801,00	5,00	279.0	19.20	41548,00	24.70
0.02763	75.00	2.950	0,00	0.4280	1479385,00	21.80	771149,00	3,00	252.0	18.30	11780,00	30.80
0.03359	75.00	2.950	0,00	0.4280	7.0240	15.80	771149,00	3,00	252.0	18.30	35796,00	34.90
0.12744	0.00	6.910	0,00	0.4480	2118560,00	32905,00	1939195,00	3,00	233.0	17.90	30773,00	26.60
0.14150	0.00	6.910	0,00	0.4480	6.1690	22068,00	1939195,00	3,00	233.0	17.90	29707,00	25.30
0.15936	0.00	6.910	0,00	0.4480	76854,00	18415,00	1939195,00	3,00	233.0	17.90	16254,00	24.70
0.12269	0.00	6.910	0,00	0.4480	6.0690	40.00	1939195,00	3,00	233.0	17.90	20333,00	21.20
0.17142	0.00	6.910	0,00	0.4480	1797116,00	33.80	5.1004	3,00	233.0	17.90	44470,00	19.30
0.18836	0.00	6.910	0,00	0.4480	2176968,00	33.30	5.1004	3,00	233.0	17.90	14.15	20.00
0.22927	0.00	6.910	0,00	0.4480	6.0300	85.50	1824144,00	3,00	233.0	17.90	18.80	16.60
0.25387	0.00	6.910	0,00	0.4480	763479,00	95.30	2483771,00	3,00	233.0	17.90	30.81	14.40
0.21977	0.00	6.910	0,00	0.4480	1504922,00	62.00	6.0877	3,00	233.0	17.90	16.20	19.40
0.08873	21.00	5.640	0,00	0.4390	2823447,00	45.70	2281823,00	4,00	243.0	16.80	13.45	19.70
0.04337	21.00	5.640	0,00	0.4390	6.1150	63.00	2281823,00	4,00	243.0	16.80	15950,00	20.50
0.05360	21.00	5.640	0,00	0.4390	1172581,00	44855,00	2281823,00	4,00	243.0	16.80	46874,00	25.00
0.04981	21.00	5.640	0,00	0.4390	2951282,00	21.40	2281823,00	4,00	243.0	16.80	15919,00	23.40
0.01360	75.00	4.000	0,00	0.4100	2549516,00	47.60	473903,00	3,00	469.0	44855,00	14.80	18.90
0.01311	90.00	1.220	0,00	0.4030	215677,00	21.90	1850533,00	5,00	226.0	17.90	29677,00	35.40
0.02055	85.00	0.740	0,00	0.4100	705071,00	35.70	9.1876	2,00	313.0	17.30	28246,00	24.70
0.01432	100.00	1.320	0,00	0.4110	2286572,00	40.50	492562,00	5,00	256.0	44849,00	34759,00	31.60
0.15445	25.00	5.130	0,00	0.4530	6.1450	29.20	2282219,00	8,00	284.0	19.70	31564,00	23.30
0.10328	25.00	5.130	0,00	0.4530	2691960,00	47.20	2710253,00	8,00	284.0	19.70	44805,00	19.60
0.14932	25.00	5.130	0,00	0.4530	2012608,00	66.20	129479,00	8,00	284.0	19.70	13.15	18.70
0.17171	25.00	5.130	0,00	0.4530	2834405,00	93.40	2295703,00	8,00	284.0	19.70	14.44	16.00
0.11027	25.00	5.130	0,00	0.4530	971699,00	67.80	129844,00	8,00	284.0	19.70	26816,00	22.20
0.12650	25.00	5.130	0,00	0.4530	2089341,00	43.40	2888886,00	8,00	284.0	19.70	18507,00	25.00
0.01951	17.50	1.380	0,00	0.4161	7.1040	59.50	120410,00	3,00	216.0	18.60	44689,00	33.00
0.03584	80.00	3.370	0,00	0.3980	365396,00	17.80	1539650,00	4,00	337.0	44850,00	24563,00	23.50
0.04379	80.00	3.370	0,00	0.3980	2180620,00	44865,00	1539650,00	4,00	337.0	44850,00	45566,00	19.40
0.05789	18598,00	6.070	0,00	0.4090	2512991,00	21.40	1125101,00	4,00	345.0	18.90	44842,00	22.00
0.13554	18598,00	6.070	0,00	0.4090	1475702,00	36.80	1125101,00	4,00	345.0	18.90	44817,00	17.40
0.12816	18598,00	6.070	0,00	0.4090	2538558,00	33.00	1125101,00	4,00	345.0	18.90	29068,00	20.90
0.08826	0.00	10.810	0,00	0.4130	829254,00	22068,00	355504,00	4,00	305.0	19.20	26451,00	24.20
0.15876	0.00	10.810	0,00	0.4130	2816142,00	17.50	355504,00	4,00	305.0	19.20	32387,00	21.70
0.09164	0.00	10.810	0,00	0.4130	6.0650	29403,00	355504,00	4,00	305.0	19.20	19115,00	22.80
0.19539	0.00	10.810	0,00	0.4130	201037,00	43983,00	355504,00	4,00	305.0	19.20	19906,00	23.40
0.07896	0.00	12.830	0,00	0.4370	303304,00	6.00	224716,00	5,00	398.0	18.70	28642,00	44858,00
0.09512	0.00	12.830	0,00	0.4370	350787,00	45.00	1141840,00	5,00	398.0	18.70	34547,00	21.40
0.10153	0.00	12.830	0,00	0.4370	325219,00	74.50	4.0522	5,00	398.0	18.70	35735,00	20.00
0.08707	0.00	12.830	0,00	0.4370	6.1400	45.80	4.0905	5,00	398.0	18.70	46661,00	20.80
0.05646	0.00	12.830	0,00	0.4370	153555,00	53.70	5.0141	5,00	398.0	18.70	12754,00	21.20
0.08387	0.00	12.830	0,00	0.4370	2498381,00	36.60	1141840,00	5,00	398.0	18.70	44843,00	20.30
0.04113	25.00	4.860	0,00	0.4260	1961506,00	33.50	769688,00	4,00	281.0	19.00	47239,00	28.00
0.04462	25.00	4.860	0,00	0.4260	1567044,00	70.40	769688,00	4,00	281.0	19.00	44743,00	23.90
0.03659	25.00	4.860	0,00	0.4260	409225,00	32.20	769688,00	4,00	281.0	19.00	26451,00	24.80
0.03551	25.00	4.860	0,00	0.4260	6.1670	46.70	769688,00	4,00	281.0	19.00	18810,00	22.90
0.05059	0.00	4.490	0,00	0.4490	726986,00	48.00	2152832,00	3,00	247.0	18.50	22890,00	23.90
0.05735	0.00	4.490	0,00	0.4490	1607220,00	56.10	904798,00	3,00	247.0	18.50	19511,00	26.60
0.05188	0.00	4.490	0,00	0.4490	6.0150	45.10	866448,00	3,00	247.0	18.50	31747,00	22.50
0.07151	0.00	4.490	0,00	0.4490	6.1210	56.80	2036654,00	3,00	247.0	18.50	16285,00	22.20
0.05660	0.00	3.410	0,00	0.4890	7.0070	86.30	846328,00	2,00	270.0	17.80	18384,00	23.60
0.05302	0.00	3.410	0,00	0.4890	7.0790	63.10	820031,00	2,00	270.0	17.80	25689,00	28.70
0.04684	0.00	3.410	0,00	0.4890	829254,00	66.10	3.0923	2,00	270.0	17.80	29799,00	22.60
0.03932	0.00	3.410	0,00	0.4890	785425,00	73.90	3.0921	2,00	270.0	17.80	44044,00	22.00
0.04203	28.00	15.040	0,00	0.4640	920565,00	53.60	1738250,00	4,00	270.0	18.20	42583,00	22.90
0.02875	28.00	15.040	0,00	0.4640	76854,00	28.90	1738250,00	4,00	270.0	18.20	44348,00	25.00
0.04294	28.00	15.040	0,00	0.4640	215647,00	77.30	1552342,00	4,00	270.0	18.20	21824,00	20.60
0.12204	0.00	2.890	0,00	0.4450	1588958,00	57.80	1114782,00	2,00	276.0	18.00	23894,00	28.40
0.11504	0.00	2.890	0,00	0.4450	6.1630	69.60	1114782,00	2,00	276.0	18.00	12724,00	21.40
0.12083	0.00	2.890	0,00	0.4450	8.0690	76.00	1114782,00	2,00	276.0	18.00	44287,00	38.70
0.08187	0.00	2.890	0,00	0.4450	2301211,00	36.90	1114782,00	2,00	276.0	18.00	20880,00	43.80
0.06860	0.00	2.890	0,00	0.4450	825632,00	62.50	1114782,00	2,00	276.0	18.00	43617,00	33.20
0.14866	0.00	8.560	0,00	0.5200	1961506,00	79.90	2146929,00	5,00	384.0	20.90	15585,00	27.50
0.11432	0.00	8.560	0,00	0.5200	2158736,00	71.30	2432914,00	5,00	384.0	20.90	24654,00	26.50
0.22876	0.00	8.560	0,00	0.5200	785425,00	85.40	1916460,00	5,00	384.0	20.90	23285,00	18.60
0.21161	0.00	8.560	0,00	0.5200	6.1370	87.40	1916460,00	5,00	384.0	20.90	13.44	19.30
0.13960	0.00	8.560	0,00	0.5200	6.1670	90.00	843743,00	5,00	384.0	20.90	12389,00	44854,00
0.13262	0.00	8.560	0,00	0.5200	2414375,00	96.70	2.1069	5,00	384.0	20.90	16.47	19.50
0.17120	0.00	8.560	0,00	0.5200	2359589,00	91.90	76734,00	5,00	384.0	20.90	18.66	19.50
0.13117	0.00	8.560	0,00	0.5200	6.1270	85.20	2.1224	5,00	384.0	20.90	44818,00	20.40
0.12802	0.00	8.560	0,00	0.5200	1037442,00	97.10	887207,00	5,00	384.0	20.90	46722,00	19.80
0.26363	0.00	8.560	0,00	0.5200	142598,00	91.20	1297009,00	5,00	384.0	20.90	15.55	19.40
0.10793	0.00	8.560	0,00	0.5200	18415,00	54.40	2146929,00	5,00	384.0	20.90	13.00	21.70
0.10084	0.00	10.010	0,00	0.5470	1917676,00	81.60	1780590,00	6,00	432.0	17.80	42644,00	22.80
0.12329	0.00	10.010	0,00	0.5470	2640825,00	92.90	596839,00	6,00	432.0	17.80	16.21	18.80
0.22212	0.00	10.010	0,00	0.5470	6.0920	95.40	1307601,00	6,00	432.0	17.80	44821,00	18.70
0.14231	0.00	10.010	0,00	0.5470	233909,00	84.20	242920,00	6,00	432.0	17.80	16711,00	18.50
0.17134	0.00	10.010	0,00	0.5470	2695613,00	88.20	997510,00	6,00	432.0	17.80	15.76	18.30
0.13158	0.00	10.010	0,00	0.5470	6.1760	72.50	1972708,00	6,00	432.0	17.80	44663,00	21.20
0.15098	0.00	10.010	0,00	0.5470	6.0210	82.60	2035895,00	6,00	432.0	17.80	11232,00	19.20
0.13058	0.00	10.010	0,00	0.5470	2491076,00	73.10	1050105,00	6,00	432.0	17.80	15.37	20.40
0.14476	0.00	10.010	0,00	0.5470	1976084,00	65.20	2078993,00	6,00	432.0	17.80	13.61	19.30
0.06899	0.00	25.650	0,00	0.5810	2483771,00	69.70	247303,00	2,00	188.0	44853,00	14.37	22.00
0.07165	0.00	25.650	0,00	0.5810	6.0040	84.10	27061,00	2,00	188.0	44853,00	14.27	20.30
0.09299	0.00	25.650	0,00	0.5810	2816142,00	92.90	2.0869	2,00	188.0	44853,00	17.93	20.50
0.15038	0.00	25.650	0,00	0.5810	2432638,00	97.00	2755391,00	2,00	188.0	44853,00	25.41	17.30
0.09849	0.00	25.650	0,00	0.5810	2516643,00	95.80	2.0063	2,00	188.0	44853,00	17.58	18.80
0.16902	0.00	25.650	0,00	0.5810	2907453,00	88.40	2932534,00	2,00	188.0	44853,00	14.81	21.40
0.38735	0.00	25.650	0,00	0.5810	1545098,00	95.60	2071657,00	2,00	188.0	44853,00	27.26	15.70
0.25915	0.00	21.890	0,00	0.6240	1837292,00	96.00	2185248,00	4,00	437.0	21.20	17.19	16.20
0.32543	0.00	21.890	0,00	0.6240	880387,00	98.80	2273637,00	4,00	437.0	21.20	15.39	18.00
0.88125	0.00	21.890	0,00	0.6240	1632756,00	94.70	2885053,00	4,00	437.0	21.20	18.34	14.30
0.34006	0.00	21.890	0,00	0.6240	979004,00	98.90	2.1185	4,00	437.0	21.20	22251,00	19.20
1.19294	0.00	21.890	0,00	0.6240	496884,00	97.70	295879,00	4,00	437.0	21.20	46357,00	19.60
0.59005	0.00	21.890	0,00	0.6240	664895,00	97.90	501877,00	4,00	437.0	21.20	44906,00	23.00
0.32982	0.00	21.890	0,00	0.6240	2308455,00	95.40	1022347,00	4,00	437.0	21.20	44635,00	18.40
0.97617	0.00	21.890	0,00	0.6240	2071047,00	98.40	569811,00	4,00	437.0	21.20	17.31	15.60
0.55778	0.00	21.890	0,00	0.6240	529755,00	98.20	2.1107	4,00	437.0	21.20	16.96	44852,00
0.32264	0.00	21.890	0,00	0.6240	2746746,00	93.50	2837572,00	4,00	437.0	21.20	16.90	17.40
0.35233	0.00	21.890	0,00	0.6240	964394,00	98.40	2409873,00	4,00	437.0	21.20	14.59	44851,00
0.24980	0.00	21.890	0,00	0.6240	2436290,00	98.20	1748053,00	4,00	437.0	21.20	21.32	13.30
0.54452	0.00	21.890	0,00	0.6240	6.1510	97.90	1748418,00	4,00	437.0	21.20	18.46	17.80
0.29090	0.00	21.890	0,00	0.6240	6.1740	93.60	1540960,00	4,00	437.0	21.20	24.16	14.00
1.62864	0.00	21.890	0,00	0.6240	5.0190	100.00	910917,00	4,00	437.0	21.20	34.41	14.40
3.32105	0.00	19.580	1,00	0.8710	778089,00	100.00	480661,00	5,00	403.0	14.70	26.82	13.40
4.09740	0.00	19.580	0,00	0.8710	1015497,00	100.00	810110,00	5,00	403.0	14.70	26.42	15.60
2.77974	0.00	19.580	0,00	0.8710	2604271,00	97.80	569415,00	5,00	403.0	14.70	29.29	29526,00
2.37934	0.00	19.580	0,00	0.8710	6.1300	100.00	836773,00	5,00	403.0	14.70	27.80	13.80
2.15505	0.00	19.580	0,00	0.8710	1599885,00	100.00	1192884,00	5,00	403.0	14.70	16.65	15.60
2.36862	0.00	19.580	0,00	0.8710	2688278,00	95.70	989078,00	5,00	403.0	14.70	29.53	14.60
2.33099	0.00	19.580	0,00	0.8710	5.1860	93.80	1240366,00	5,00	403.0	14.70	28.32	17.80
2.73397	0.00	19.580	0,00	0.8710	1486659,00	94.90	1226122,00	5,00	403.0	14.70	21.45	15.40
1.65660	0.00	19.580	0,00	0.8710	6.1220	97.30	1563240,00	5,00	403.0	14.70	44848,00	21.50
1.49632	0.00	19.580	0,00	0.8710	781742,00	100.00	1466815,00	5,00	403.0	14.70	13.28	19.60
1.12658	0.00	19.580	1,00	0.8710	5.0120	88.00	1534751,00	5,00	403.0	14.70	44907,00	15.30
2.14918	0.00	19.580	0,00	0.8710	1895731,00	98.50	1582232,00	5,00	403.0	14.70	15.79	19.40
1.41385	0.00	19.580	1,00	0.8710	6.1290	96.00	2043169,00	5,00	403.0	14.70	44910,00	17.00
3.53501	0.00	19.580	1,00	0.8710	6.1520	82.60	2028924,00	5,00	403.0	14.70	44607,00	15.60
2.44668	0.00	19.580	0,00	0.8710	299621,00	94.00	1995687,00	5,00	403.0	14.70	16.14	44847,00
1.22358	0.00	19.580	0,00	0.6050	2750429,00	97.40	2510314,00	5,00	403.0	14.70	21641,00	41.30
1.34284	0.00	19.580	0,00	0.6050	6.0660	100.00	2072023,00	5,00	403.0	14.70	15858,00	24.30
1.42502	0.00	19.580	0,00	0.8710	1168929,00	100.00	2103434,00	5,00	403.0	14.70	14427,00	23.30
1.27346	0.00	19.580	1,00	0.6050	219299,00	92.60	2222137,00	5,00	403.0	14.70	18384,00	27.00
1.46336	0.00	19.580	0,00	0.6050	1092259,00	90.80	2852181,00	5,00	403.0	14.70	26665,00	50.00
1.83377	0.00	19.580	1,00	0.6050	2235468,00	98.20	2.0407	5,00	403.0	14.70	33604,00	50.00
1.51902	0.00	19.580	1,00	0.6050	675913,00	93.90	2.1620	5,00	403.0	14.70	11749,00	50.00
2.24236	0.00	19.580	0,00	0.6050	2425333,00	91.80	847395,00	5,00	403.0	14.70	23682,00	22.70
2.92400	0.00	19.580	0,00	0.6050	6.1010	93.00	341170,00	5,00	403.0	14.70	29830,00	25.00
2.01019	0.00	19.580	0,00	0.6050	2699326,00	96.20	2.0459	5,00	403.0	14.70	25628,00	50.00
1.80028	0.00	19.580	0,00	0.6050	2509338,00	79.20	861640,00	5,00	403.0	14.70	41974,00	23.80
2.30040	0.00	19.580	0,00	0.6050	471316,00	96.10	2.1000	5,00	403.0	14.70	44845,00	23.80
2.44953	0.00	19.580	0,00	0.6050	774468,00	95.20	264834,00	5,00	403.0	14.70	11994,00	22.30
1.20742	0.00	19.580	0,00	0.6050	2502033,00	94.60	861640,00	5,00	403.0	14.70	14.43	17.40
2.31390	0.00	19.580	0,00	0.6050	2520296,00	97.30	725770,00	5,00	403.0	14.70	44632,00	44853,00
0.13914	0.00	4.050	0,00	0.5100	1395349,00	88.50	1483283,00	5,00	296.0	16.60	14.69	44857,00
0.09178	0.00	4.050	0,00	0.5100	825602,00	84.10	1666635,00	5,00	296.0	16.60	44660,00	23.60
0.08447	0.00	4.050	0,00	0.5100	2443595,00	68.70	1869709,00	5,00	296.0	16.60	23621,00	22.60
0.06664	0.00	4.050	0,00	0.5100	1300417,00	33.10	3.1323	5,00	296.0	16.60	12175,00	29.40
0.07022	0.00	4.050	0,00	0.5100	6.0200	47.20	1332831,00	5,00	296.0	16.60	44875,00	23.20
0.05425	0.00	4.050	0,00	0.5100	456706,00	73.40	465745,00	5,00	296.0	16.60	47270,00	24.60
0.06642	0.00	4.050	0,00	0.5100	2447278,00	74.40	2649137,00	5,00	296.0	16.60	33756,00	29.90
0.05780	0.00	2.460	0,00	0.4880	2885569,00	58.40	2333933,00	3,00	193.0	17.80	44656,00	37.20
0.06588	0.00	2.460	0,00	0.4880	2100328,00	83.30	2012519,00	3,00	193.0	17.80	20637,00	39.80
0.06888	0.00	2.460	0,00	0.4880	6.1440	62.20	1489857,00	3,00	193.0	17.80	16681,00	36.20
0.09103	0.00	2.460	0,00	0.4880	7.1550	92.20	1864961,00	3,00	193.0	17.80	30042,00	37.90
0.10008	0.00	2.460	0,00	0.4880	1362508,00	95.60	2399677,00	3,00	193.0	17.80	24959,00	32.50
0.08308	0.00	2.460	0,00	0.4880	1512227,00	89.80	2914303,00	3,00	193.0	17.80	13.98	26.40
0.06047	0.00	2.460	0,00	0.4880	6.1530	68.80	327684,00	3,00	193.0	17.80	13.15	29.60
0.05602	0.00	2.460	0,00	0.4880	2341387,00	53.60	33664,00	3,00	193.0	17.80	16528,00	50.00
0.07875	45.00	3.440	0,00	0.4370	2162389,00	41.10	2186403,00	5,00	398.0	15.20	24990,00	32.00
0.12579	45.00	3.440	0,00	0.4370	1336941,00	44863,00	1375961,00	5,00	398.0	15.20	20546,00	29.80
0.08370	45.00	3.440	0,00	0.4370	7.1850	38.90	1375961,00	5,00	398.0	15.20	14366,00	34.90
0.09068	45.00	3.440	0,00	0.4370	2779648,00	21.50	1058626,00	5,00	398.0	15.20	44839,00	37.00
0.06911	45.00	3.440	0,00	0.4370	2005335,00	30.80	1058626,00	5,00	398.0	15.20	25294,00	30.50
0.08664	45.00	3.440	0,00	0.4370	7.1780	26.30	1058626,00	5,00	398.0	15.20	31809,00	36.40
0.02187	60.00	2.930	0,00	0.4010	2228133,00	33117,00	108266,00	1,00	265.0	15.60	44625,00	44865,00
0.01439	60.00	2.930	0,00	0.4010	1512258,00	18.80	108266,00	1,00	265.0	15.60	13971,00	44863,00
0.01381	80.00	0.460	0,00	0.4220	2502094,00	32.00	1674395,00	4,00	255.0	14.40	35462,00	50.00
0.04011	80.00	1.520	0,00	0.4040	354469,00	34.10	434822,00	2,00	329.0	22251,00	44777,00	33.30
0.04666	80.00	1.520	0,00	0.4040	7.1070	36.60	434822,00	2,00	329.0	22251,00	22494,00	30.30
0.03768	80.00	1.520	0,00	0.4040	306987,00	38.30	434822,00	2,00	329.0	22251,00	22798,00	34.60
0.03150	95.00	1.470	0,00	0.4030	2867307,00	15.30	1692717,00	3,00	402.0	17.00	20546,00	34.90
0.01778	95.00	1.470	0,00	0.4030	7.1350	13.90	1692717,00	3,00	402.0	17.00	16528,00	32.90
0.03445	82.50	2.030	0,00	0.4150	6.1620	38.40	292347,00	2,00	348.0	14.70	15888,00	44858,00
0.02177	82.50	2.030	0,00	0.4150	1534202,00	15.70	292347,00	2,00	348.0	14.70	44868,00	42.30
0.03510	95.00	2.680	0,00	0.4161	2421741,00	33.20	5.1180	4,00	224.0	14.70	29646,00	48.50
0.02009	95.00	2.680	0,00	0.4161	8.0340	31.90	5.1180	4,00	224.0	14.70	32174,00	50.00
0.13642	0.00	10.590	0,00	0.4890	2560472,00	22.30	2759103,00	4,00	277.0	18.60	32051,00	22.60
0.22969	0.00	10.590	0,00	0.4890	496884,00	52.50	602377,00	4,00	277.0	18.60	35704,00	24.40
0.25199	0.00	10.590	0,00	0.4890	2166010,00	72.70	602377,00	4,00	277.0	18.60	44730,00	22.50
0.13587	0.00	10.590	1,00	0.4890	6.0640	59.10	179792,00	4,00	277.0	18.60	14.66	24.40
0.43571	0.00	10.590	1,00	0.4890	562596,00	100.00	2501972,00	4,00	277.0	18.60	44827,00	20.00
0.17446	0.00	10.590	1,00	0.4890	2812490,00	92.10	2509642,00	4,00	277.0	18.60	17.27	21.70
0.37578	0.00	10.590	1,00	0.4890	781742,00	88.60	1734963,00	4,00	277.0	18.60	23.98	19.30
0.21719	0.00	10.590	1,00	0.4890	2253669,00	53.80	1689673,00	4,00	277.0	18.60	44636,00	22.40
0.14052	0.00	10.590	0,00	0.4890	675852,00	32.30	2759103,00	4,00	277.0	18.60	14124,00	44862,00
0.28955	0.00	10.590	0,00	0.4890	810961,00	29465,00	1451900,00	4,00	277.0	18.60	29.55	23.70
0.19802	0.00	10.590	0,00	0.4890	6.1820	42.40	2759103,00	4,00	277.0	18.60	17411,00	25.00
0.04560	0.00	13.890	1,00	0.5500	2549516,00	56.00	3.1121	5,00	276.0	16.40	13.51	23.30
0.07013	0.00	13.890	0,00	0.5500	1651050,00	85.10	844136,00	5,00	276.0	16.40	25447,00	28.70
0.11069	0.00	13.890	1,00	0.5500	2779617,00	93.80	2554175,00	5,00	276.0	16.40	17.92	21.50
0.11425	0.00	13.890	1,00	0.5500	668547,00	92.40	633027,00	5,00	276.0	16.40	18537,00	23.00
0.35809	0.00	6.200	1,00	0.5070	2779648,00	88.50	2453367,00	8,00	307.0	17.40	26177,00	26.70
0.40771	0.00	6.200	1,00	0.5070	6.1640	91.30	3.0480	8,00	307.0	17.40	21.46	21.70
0.62356	0.00	6.200	1,00	0.5070	2516674,00	77.70	299925,00	8,00	307.0	17.40	34213,00	27.50
0.61470	0.00	6.200	0,00	0.5070	1563392,00	80.80	299925,00	8,00	307.0	17.40	22098,00	44864,00
0.31533	0.00	6.200	0,00	0.5040	277799,00	78.30	2572801,00	8,00	307.0	17.40	41730,00	44.80
0.52693	0.00	6.200	0,00	0.5040	1954262,00	83.00	2572801,00	8,00	307.0	17.40	23102,00	50.00
0.38214	0.00	6.200	0,00	0.5040	8.0400	86.50	93929,00	8,00	307.0	17.40	41334,00	37.60
0.41238	0.00	6.200	0,00	0.5040	7.1630	79.90	93929,00	8,00	307.0	17.40	13302,00	31.60
0.29819	0.00	6.200	0,00	0.5040	1811787,00	17.00	676125,00	8,00	307.0	17.40	33664,00	46.70
0.44178	0.00	6.200	0,00	0.5040	1322331,00	21.40	676125,00	8,00	307.0	17.40	27820,00	31.50
0.53700	0.00	6.200	0,00	0.5040	2889190,00	68.10	1758703,00	8,00	307.0	17.40	24047,00	24.30
0.46296	0.00	6.200	0,00	0.5040	811022,00	76.90	1758703,00	8,00	307.0	17.40	45778,00	31.70
0.57529	0.00	6.200	0,00	0.5070	537121,00	73.30	2368294,00	8,00	307.0	17.40	17199,00	41.70
0.33147	0.00	6.200	0,00	0.5070	208403,00	70.40	1687116,00	8,00	307.0	17.40	34759,00	48.30
0.44791	0.00	6.200	1,00	0.5070	1957854,00	66.50	1687116,00	8,00	307.0	17.40	44689,00	29.00
0.33045	0.00	6.200	0,00	0.5070	6.0860	61.50	1687116,00	8,00	307.0	17.40	32417,00	24.00
0.52058	0.00	6.200	1,00	0.5070	1610872,00	76.50	4.1480	8,00	307.0	17.40	19968,00	44859,00
0.51183	0.00	6.200	0,00	0.5070	613791,00	71.60	4.1480	8,00	307.0	17.40	26755,00	31.50
0.08244	30.00	4.930	0,00	0.4280	1063009,00	18.50	6.1899	6,00	300.0	16.60	13302,00	23.70
0.09252	30.00	4.930	0,00	0.4280	1519563,00	42.20	6.1899	6,00	300.0	16.60	13697,00	23.30
0.11329	30.00	4.930	0,00	0.4280	2582418,00	54.30	533773,00	6,00	300.0	16.60	14185,00	22.00
0.10612	30.00	4.930	0,00	0.4280	6.0950	65.10	533773,00	6,00	300.0	16.60	14946,00	44854,00
0.10290	30.00	4.930	0,00	0.4280	613761,00	52.90	7.0355	6,00	300.0	16.60	44866,00	22.20
0.12757	30.00	4.930	0,00	0.4280	741595,00	29403,00	7.0355	6,00	300.0	16.60	43586,00	23.70
0.20608	22.00	5.860	0,00	0.4310	1472049,00	76.50	2793923,00	7,00	330.0	44853,00	18598,00	17.60
0.19133	22.00	5.860	0,00	0.4310	1515879,00	70.20	2793923,00	7,00	330.0	44853,00	18.46	18.50
0.33983	22.00	5.860	0,00	0.4310	6.1080	34.90	8.0555	7,00	330.0	44853,00	42614,00	24.30
0.19657	22.00	5.860	0,00	0.4310	131641,00	79.20	8.0555	7,00	330.0	44853,00	42278,00	20.50
0.16439	22.00	5.860	0,00	0.4310	887692,00	49.10	2324952,00	7,00	330.0	44853,00	19238,00	24.50
0.19073	22.00	5.860	0,00	0.4310	1928634,00	17.50	2324952,00	7,00	330.0	44853,00	20607,00	26.20
0.14030	22.00	5.860	0,00	0.4310	1084924,00	13.00	755139,00	7,00	330.0	44853,00	32994,00	24.40
0.21409	22.00	5.860	0,00	0.4310	905955,00	33086,00	755139,00	7,00	330.0	44853,00	21610,00	24.80
0.08221	22.00	5.860	0,00	0.4310	2801563,00	29373,00	2617907,00	7,00	330.0	44853,00	19419,00	29.60
0.36894	22.00	5.860	0,00	0.4310	252232,00	14824,00	2617907,00	7,00	330.0	44853,00	19784,00	42.80
0.04819	80.00	3.640	0,00	0.3920	6.1080	32.00	110913,00	1,00	315.0	16.40	20972,00	21.90
0.03548	80.00	3.640	0,00	0.3920	2505686,00	44853,00	110913,00	1,00	315.0	16.40	45901,00	20.90
0.01538	90.00	3.750	0,00	0.3940	964424,00	34.20	533773,00	3,00	244.0	15.90	44868,00	44.00
0.61154	20.00	3.970	0,00	0.6470	1877561,00	86.90	2231634,00	5,00	264.0	13.00	44900,00	50.00
0.66351	20.00	3.970	0,00	0.6470	522480,00	100.00	2573501,00	5,00	264.0	13.00	29037,00	36.00
0.65665	20.00	3.970	0,00	0.6470	2381535,00	100.00	2.0107	5,00	264.0	13.00	33025,00	44864,00
0.54011	20.00	3.970	0,00	0.6470	47665,00	81.80	2.1121	5,00	264.0	13.00	21794,00	33.80
0.53412	20.00	3.970	0,00	0.6470	1205484,00	89.40	2.1398	5,00	264.0	13.00	46204,00	43.10
0.52014	20.00	3.970	0,00	0.6470	759919,00	91.50	359798,00	5,00	264.0	13.00	33359,00	48.80
0.82526	20.00	3.970	0,00	0.6470	500566,00	94.50	2.0788	5,00	264.0	13.00	45962,00	31.00
0.55007	20.00	3.970	0,00	0.6470	58623,00	91.60	2703162,00	5,00	264.0	13.00	44842,00	36.50
0.76162	20.00	3.970	0,00	0.6470	1351520,00	62.80	2909159,00	5,00	264.0	13.00	16711,00	22.80
0.78570	20.00	3.970	0,00	0.6470	7.0140	84.60	2.1329	5,00	264.0	13.00	14.79	30.70
0.57834	20.00	3.970	0,00	0.5750	391024,00	67.00	845934,00	5,00	264.0	13.00	16254,00	50.00
0.54050	20.00	3.970	0,00	0.5750	1022862,00	52.60	2490986,00	5,00	264.0	13.00	42430,00	43.50
0.09065	20.00	6.960	1,00	0.4640	2666393,00	61.50	2657200,00	3,00	223.0	18.60	13.65	20.70
0.29916	20.00	6.960	0,00	0.4640	2432638,00	42.10	873022,00	3,00	223.0	18.60	13.00	44855,00
0.16211	20.00	6.960	0,00	0.4640	182775,00	16.30	873022,00	3,00	223.0	18.60	21702,00	25.20
0.11460	20.00	6.960	0,00	0.4640	1271198,00	58.70	2657200,00	3,00	223.0	18.60	26846,00	24.40
0.22188	20.00	6.960	1,00	0.4640	1830048,00	51.80	644746,00	3,00	223.0	18.60	21337,00	35.20
0.05644	40.00	6.410	1,00	0.4470	2074731,00	32.90	4.0776	4,00	254.0	17.60	19419,00	32.40
0.09604	40.00	6.410	0,00	0.4470	2425364,00	42.80	282425,00	4,00	254.0	17.60	35827,00	32.00
0.10469	40.00	6.410	1,00	0.4470	281420,00	49.00	2181321,00	4,00	254.0	17.60	44687,00	33.20
0.06127	40.00	6.410	1,00	0.4470	2323096,00	27.60	2457444,00	4,00	254.0	17.60	42461,00	33.10
0.07978	40.00	6.410	0,00	0.4470	1066662,00	32.10	4.1403	4,00	254.0	17.60	43647,00	44863,00
0.21038	20.00	3.330	0,00	0.4429	2271962,00	32.20	4.1007	5,00	216.0	14.90	31138,00	35.10
0.03578	20.00	3.330	0,00	0.4429	2301211,00	64.50	1843471,00	5,00	216.0	14.90	27820,00	45.40
0.03705	20.00	3.330	0,00	0.4429	2841741,00	37.20	199910,00	5,00	216.0	14.90	21641,00	35.40
0.06129	20.00	3.330	1,00	0.4429	1662037,00	49.70	80110,00	5,00	216.0	14.90	44564,00	46.00
0.01501	90.00	1.210	1,00	0.4010	2677411,00	24.80	2538558,00	1,00	198.0	13.60	42430,00	50.00
0.00906	90.00	2.970	0,00	0.4000	7.0880	20.80	428613,00	1,00	285.0	15.30	31229,00	32.20
0.01096	55.00	2.250	0,00	0.3890	960741,00	31.90	428613,00	1,00	300.0	15.30	45139,00	22.00
0.01965	80.00	1.760	0,00	0.3850	146250,00	31.50	9.0892	1,00	241.0	18.20	34304,00	44854,00
0.03871	52.50	5.320	0,00	0.4050	69550,00	31.30	464772,00	6,00	293.0	16.60	41821,00	23.20
0.04590	52.50	5.320	0,00	0.4050	456706,00	45.60	464772,00	6,00	293.0	16.60	22098,00	22.30
0.04297	52.50	5.320	0,00	0.4050	1369813,00	22.90	464772,00	6,00	293.0	16.60	18872,00	24.80
0.03502	80.00	4.950	0,00	0.4110	2450930,00	27.90	5.1167	4,00	245.0	19.20	12114,00	28.50
0.07886	80.00	4.950	0,00	0.4110	7.1480	27.70	5.1167	4,00	245.0	19.20	20515,00	37.30
0.03615	80.00	4.950	0,00	0.4110	1607220,00	23.40	5.1167	4,00	245.0	19.20	25659,00	27.90
0.08265	0.00	13.920	0,00	0.4370	6.1270	18.40	1142235,00	4,00	289.0	16.00	21398,00	23.90
0.08199	0.00	13.920	0,00	0.4370	6.0090	42.30	1142235,00	4,00	289.0	16.00	14885,00	21.70
0.12932	0.00	13.920	0,00	0.4370	1782537,00	44865,00	2813951,00	4,00	289.0	16.00	46539,00	28.60
0.05372	0.00	13.920	0,00	0.4370	1311374,00	51.00	2813951,00	4,00	289.0	16.00	14427,00	44861,00
0.14103	0.00	13.920	0,00	0.4370	2191577,00	58.00	474969,00	4,00	289.0	16.00	15.84	20.30
0.06466	70.00	2.240	0,00	0.4000	566279,00	44854,00	2329700,00	5,00	358.0	14.80	35521,00	22.50
0.05561	70.00	2.240	0,00	0.4000	7.0410	10.00	2329700,00	5,00	358.0	14.80	27120,00	29.00
0.04417	70.00	2.240	0,00	0.4000	2487454,00	47.40	2329700,00	5,00	358.0	14.80	44748,00	24.80
0.03537	34.00	6.090	0,00	0.4330	1461123,00	40.40	1102059,00	7,00	329.0	44850,00	18507,00	22.00
0.09266	34.00	6.090	0,00	0.4330	1114143,00	18.40	1102059,00	7,00	329.0	44850,00	24685,00	26.40
0.10000	34.00	6.090	0,00	0.4330	2892874,00	17.70	1102059,00	7,00	329.0	44850,00	31503,00	33.10
0.05515	33.00	2.180	0,00	0.4720	168195,00	41.10	4.0220	7,00	222.0	18.40	34121,00	36.10
0.05479	33.00	2.180	0,00	0.4720	1556087,00	58.10	657498,00	7,00	222.0	18.40	34182,00	28.40
0.07503	33.00	2.180	0,00	0.4720	840241,00	71.90	3.0992	7,00	222.0	18.40	17319,00	33.40
0.04932	33.00	2.180	0,00	0.4720	2407102,00	70.30	3.1827	7,00	222.0	18.40	19541,00	28.20
0.49298	0.00	9.900	0,00	0.5440	1625482,00	82.50	465745,00	4,00	304.0	18.40	19815,00	22.80
0.34940	0.00	9.900	0,00	0.5440	2856319,00	76.70	3.1025	4,00	304.0	18.40	35674,00	20.30
2.63548	0.00	9.900	0,00	0.5440	2859941,00	37.80	1203142,00	4,00	304.0	18.40	23712,00	44850,00
0.79041	0.00	9.900	0,00	0.5440	6.1220	52.80	1644720,00	4,00	304.0	18.40	35916,00	44856,00
0.26169	0.00	9.900	0,00	0.5440	6.0230	90.40	2352194,00	4,00	304.0	18.40	26604,00	19.40
0.26938	0.00	9.900	0,00	0.5440	277738,00	82.80	265958,00	4,00	304.0	18.40	33055,00	21.60
0.36920	0.00	9.900	0,00	0.5440	1377118,00	87.30	1505956,00	4,00	304.0	18.40	46997,00	23.80
0.25356	0.00	9.900	0,00	0.5440	1881121,00	77.70	2757642,00	4,00	304.0	18.40	18568,00	16.20
0.31827	0.00	9.900	0,00	0.5440	2644478,00	83.20	2953412,00	4,00	304.0	18.40	18.33	17.80
0.24522	0.00	9.900	0,00	0.5440	2162358,00	71.70	4.0317	4,00	304.0	18.40	15.94	19.80
0.40202	0.00	9.900	0,00	0.5440	701419,00	67.20	1251017,00	4,00	304.0	18.40	13424,00	44857,00
0.47547	0.00	9.900	0,00	0.5440	6.1130	58.80	4.0019	4,00	304.0	18.40	26999,00	21.00
0.16760	0.00	7.380	0,00	0.4930	862126,00	52.30	1279902,00	5,00	287.0	19.60	44013,00	23.80
0.18159	0.00	7.380	0,00	0.4930	679505,00	54.30	1279902,00	5,00	287.0	19.60	31929,00	44857,00
0.35114	0.00	7.380	0,00	0.4930	6.0410	49.90	1939895,00	5,00	287.0	19.60	25750,00	20.40
0.28392	0.00	7.380	0,00	0.4930	1892079,00	74.30	1939895,00	5,00	287.0	19.60	27334,00	18.50
0.34109	0.00	7.380	0,00	0.4930	821949,00	40.10	1939895,00	5,00	287.0	19.60	44901,00	25.00
0.19186	0.00	7.380	0,00	0.4930	880387,00	14.70	825205,00	5,00	287.0	19.60	44778,00	24.60
0.30347	0.00	7.380	0,00	0.4930	445749,00	28.90	825205,00	5,00	287.0	19.60	42156,00	23.00
0.24103	0.00	7.380	0,00	0.4930	6.0830	43.70	825205,00	5,00	287.0	19.60	29190,00	22.20
0.06617	0.00	3.240	0,00	0.4600	2476467,00	25.80	89972,00	4,00	430.0	16.90	35674,00	19.30
0.06724	0.00	3.240	0,00	0.4600	522450,00	17.20	89972,00	4,00	430.0	16.90	12601,00	22.60
0.04544	0.00	3.240	0,00	0.4600	6.1440	32.20	2496920,00	4,00	430.0	16.90	44813,00	19.80
0.05023	35.00	6.060	0,00	0.4379	1884774,00	28.40	1646301,00	1,00	304.0	16.90	16041,00	44851,00
0.03466	35.00	6.060	0,00	0.4379	6.0310	23.30	1646301,00	1,00	304.0	16.90	30498,00	19.40
0.05083	0.00	5.190	0,00	0.5150	460359,00	38.10	980465,00	5,00	224.0	20.20	24959,00	22.20
0.03738	0.00	5.190	0,00	0.5150	438444,00	38.50	980465,00	5,00	224.0	20.20	27546,00	20.70
0.03961	0.00	5.190	0,00	0.5150	6.0370	34.50	2904896,00	5,00	224.0	20.20	44569,00	44855,00
0.03427	0.00	5.190	0,00	0.5150	2480119,00	46.30	150236,00	5,00	224.0	20.20	29465,00	19.50
0.03041	0.00	5.190	0,00	0.5150	2575082,00	59.60	1552403,00	5,00	224.0	20.20	20729,00	18.50
0.03306	0.00	5.190	0,00	0.5150	6.0590	37.30	2272631,00	5,00	224.0	20.20	18841,00	20.60
0.05497	0.00	5.190	0,00	0.5150	2903800,00	45.40	2272631,00	5,00	224.0	20.20	27273,00	19.00
0.06151	0.00	5.190	0,00	0.5150	2841710,00	58.50	2272631,00	5,00	224.0	20.20	47362,00	18.70
0.01301	35.00	1.520	0,00	0.4420	186457,00	49.30	7.0379	1,00	284.0	15.50	18019,00	32.70
0.02498	0.00	1.890	0,00	0.5180	1278502,00	59.70	281025,00	1,00	422.0	15.90	23955,00	16.50
0.02543	55.00	3.780	0,00	0.4840	1848281,00	56.40	1980102,00	5,00	370.0	17.60	43282,00	23.90
0.03049	55.00	3.780	0,00	0.4840	2498412,00	44862,00	1006031,00	5,00	370.0	17.60	22372,00	31.20
0.03113	0.00	4.390	0,00	0.4420	6.0140	48.50	8.0136	3,00	352.0	18.80	19633,00	17.50
0.06162	0.00	4.390	0,00	0.4420	2586040,00	52.30	8.0136	3,00	352.0	18.80	24807,00	17.20
0.01870	85.00	4.150	0,00	0.4290	1190844,00	27.70	1261397,00	4,00	351.0	17.90	13302,00	44857,00
0.01501	80.00	2.010	0,00	0.4350	1625482,00	29.70	562688,00	4,00	280.0	17.00	36281,00	24.50
0.02899	40.00	1.250	0,00	0.4290	2735820,00	34.50	2199339,00	1,00	335.0	19.70	32629,00	26.60
0.06211	40.00	1.250	0,00	0.4290	1095881,00	44.40	2199339,00	1,00	335.0	19.70	35916,00	22.90
0.07950	60.00	1.690	0,00	0.4110	1420947,00	35.90	1900631,00	4,00	411.0	18.30	18019,00	44858,00
0.07244	60.00	1.690	0,00	0.4110	2534906,00	18.50	1900631,00	4,00	411.0	18.30	29037,00	18.60
0.01709	90.00	2.020	0,00	0.4100	1965159,00	36.10	12.1265	5,00	187.0	17.00	18354,00	44864,00
0.04301	80.00	1.910	0,00	0.4130	1727719,00	21.90	1445540,00	4,00	334.0	22.00	44689,00	18.20
0.10659	80.00	1.910	0,00	0.4130	2724832,00	19.50	1445540,00	4,00	334.0	22.00	20941,00	20.60
8.98296	0.00	18.100	1,00	0.7700	80507,00	97.40	2.1222	24,00	666.0	20.20	17.60	17.80
3.84970	0.00	18.100	1,00	0.7700	748900,00	91.00	1151277,00	24,00	666.0	20.20	13.27	21.70
5.20177	0.00	18.100	1,00	0.7700	6.1270	83.40	1945680,00	24,00	666.0	20.20	17838,00	22.70
4.26131	0.00	18.100	0,00	0.7700	6.1120	81.30	1165522,00	24,00	666.0	20.20	24807,00	22.60
4.54192	0.00	18.100	0,00	0.7700	759858,00	88.00	1198759,00	24,00	666.0	20.20	29037,00	25.00
3.83684	0.00	18.100	0,00	0.7700	222951,00	91.10	385364,00	24,00	666.0	20.20	14.19	19.90
3.67822	0.00	18.100	0,00	0.7700	628340,00	96.20	2.1036	24,00	666.0	20.20	43739,00	20.80
4.22239	0.00	18.100	1,00	0.7700	2239059,00	89.00	2610390,00	24,00	666.0	20.20	14.64	16.80
3.47428	0.00	18.100	1,00	0.7180	2155145,00	82.90	2610390,00	24,00	666.0	20.20	47239,00	21.90
4.55587	0.00	18.100	0,00	0.7180	1355111,00	87.90	1545708,00	24,00	666.0	20.20	44902,00	27.50
3.69695	0.00	18.100	0,00	0.7180	2823417,00	91.40	2053760,00	24,00	666.0	20.20	14.00	21.90
13.52220	0.00	18.100	0,00	0.6310	2458143,00	100.00	1170969,00	24,00	666.0	20.20	13.33	44857,00
4.89822	0.00	18.100	0,00	0.6310	2848984,00	100.00	520473,00	24,00	666.0	20.20	46082,00	50.00
5.66998	0.00	18.100	1,00	0.6310	1800799,00	96.80	608861,00	24,00	666.0	20.20	26724,00	50.00
6.53876	0.00	18.100	1,00	0.6310	7.0160	97.50	45292,00	24,00	666.0	20.20	35096,00	50.00
9.23230	0.00	18.100	0,00	0.6310	95117,00	100.00	1.1691	24,00	666.0	20.20	19603,00	50.00
8.26725	0.00	18.100	1,00	0.6680	2502033,00	89.60	1.1296	24,00	666.0	20.20	32356,00	50.00
11.10810	0.00	18.100	0,00	0.6680	2615229,00	100.00	1.1742	24,00	666.0	20.20	34.77	13.80
18.49820	0.00	18.100	0,00	0.6680	4.1380	100.00	1.1370	24,00	666.0	20.20	37.97	13.80
19.60910	0.00	18.100	0,00	0.6710	449431,00	97.90	461303,00	24,00	666.0	20.20	13.44	15.00
15.28800	0.00	18.100	0,00	0.6710	1676617,00	93.30	565763,00	24,00	666.0	20.20	23.24	13.90
9.82349	0.00	18.100	0,00	0.6710	2206218,00	98.80	613609,00	24,00	666.0	20.20	21.24	13.30
23.64820	0.00	18.100	0,00	0.6710	694114,00	96.20	716243,00	24,00	666.0	20.20	23.69	44847,00
17.86670	0.00	18.100	0,00	0.6710	120683,00	100.00	716243,00	24,00	666.0	20.20	21.78	44105,00
88.97620	0.00	18.100	0,00	0.6710	2841741,00	91.90	827277,00	24,00	666.0	20.20	17.21	14885,00
15.87440	0.00	18.100	0,00	0.6710	1296764,00	99.10	1202380,00	24,00	666.0	20.20	44794,00	33147,00
9.18702	0.00	18.100	0,00	0.7000	1263862,00	100.00	1425908,00	24,00	666.0	20.20	23.60	11263,00
7.99248	0.00	18.100	0,00	0.7000	1205423,00	100.00	1253149,00	24,00	666.0	20.20	24.56	11293,00
20.08490	0.00	18.100	0,00	0.7000	650225,00	91.20	911282,00	24,00	666.0	20.20	30.63	29434,00
16.81180	0.00	18.100	0,00	0.7000	317883,00	98.10	862340,00	24,00	666.0	20.20	30.81	44013,00
24.39380	0.00	18.100	0,00	0.7000	1687513,00	100.00	1012454,00	24,00	666.0	20.20	28.28	18537,00
22.59710	0.00	18.100	0,00	0.7000	5.0000	89.50	1199458,00	24,00	666.0	20.20	31.99	14793,00
14.33370	0.00	18.100	0,00	0.7000	2520266,00	100.00	1459146,00	24,00	666.0	20.20	30.62	44105,00
8.15174	0.00	18.100	0,00	0.7000	730607,00	98.90	1965373,00	24,00	666.0	20.20	20.85	18568,00
6.96215	0.00	18.100	0,00	0.7000	1910340,00	97.00	2690014,00	24,00	666.0	20.20	44882,00	44849,00
5.29305	0.00	18.100	0,00	0.7000	6.0510	82.50	2.1678	24,00	666.0	20.20	18.76	23.20
11.57790	0.00	18.100	0,00	0.7000	5.0360	97.00	2118409,00	24,00	666.0	20.20	25.68	25812,00
8.64476	0.00	18.100	0,00	0.6930	11110,00	92.60	2195839,00	24,00	666.0	20.20	15.17	13.80
13.35980	0.00	18.100	0,00	0.6930	2545863,00	94.70	2162603,00	24,00	666.0	20.20	16.35	25903,00
8.71675	0.00	18.100	0,00	0.6930	1026484,00	98.80	1956607,00	24,00	666.0	20.20	44912,00	44847,00
5.87205	0.00	18.100	0,00	0.6930	785425,00	96.00	1778002,00	24,00	666.0	20.20	19.37	18598,00
7.67202	0.00	18.100	0,00	0.6930	2034523,00	98.90	1619487,00	24,00	666.0	20.20	19.92	18476,00
38.35180	0.00	18.100	0,00	0.6930	960710,00	100.00	1094269,00	24,00	666.0	20.20	30.59	5.00
9.91655	0.00	18.100	0,00	0.6930	2418028,00	77.80	1133714,00	24,00	666.0	20.20	29.97	11110,00
25.04610	0.00	18.100	0,00	0.6930	2911105,00	100.00	1456589,00	24,00	666.0	20.20	26.77	22037,00
14.23620	0.00	18.100	0,00	0.6930	558974,00	100.00	1402899,00	24,00	666.0	20.20	20.32	44013,00
9.59571	0.00	18.100	0,00	0.6930	781773,00	100.00	1639941,00	24,00	666.0	20.20	20.31	44846,00
24.80170	0.00	18.100	0,00	0.6930	580858,00	96.00	1872965,00	24,00	666.0	20.20	19.77	11171,00
41.52920	0.00	18.100	0,00	0.6930	1245599,00	85.40	1524525,00	24,00	666.0	20.20	27.38	18476,00
67.92080	0.00	18.100	0,00	0.6930	1800768,00	100.00	859783,00	24,00	666.0	20.20	22.98	5.00
20.71620	0.00	18.100	0,00	0.6590	4.1380	100.00	1.1781	24,00	666.0	20.20	23.34	33178,00
11.95110	0.00	18.100	0,00	0.6590	1526837,00	100.00	347713,00	24,00	666.0	20.20	41609,00	27.90
7.40389	0.00	18.100	0,00	0.5970	1559708,00	97.90	966799,00	24,00	666.0	20.20	26.40	17.20
14.43830	0.00	18.100	0,00	0.5970	2418059,00	100.00	1006245,00	24,00	666.0	20.20	19.78	27.50
51.13580	0.00	18.100	0,00	0.5970	2071047,00	100.00	814493,00	24,00	666.0	20.20	44875,00	15.00
14.05070	0.00	18.100	0,00	0.5970	1705836,00	100.00	1232696,00	24,00	666.0	20.20	21.22	17.20
18.81100	0.00	18.100	0,00	0.5970	1599855,00	100.00	1329119,00	24,00	666.0	20.20	34.37	17.90
28.65580	0.00	18.100	0,00	0.5970	5.1550	100.00	1458781,00	24,00	666.0	20.20	44793,00	16.30
45.74610	0.00	18.100	0,00	0.6930	1201740,00	100.00	1710068,00	24,00	666.0	20.20	36.98	7.00
18.08460	0.00	18.100	0,00	0.6790	891345,00	100.00	2354720,00	24,00	666.0	20.20	44710,00	44013,00
10.83420	0.00	18.100	0,00	0.6790	2162389,00	90.80	2299204,00	24,00	666.0	20.20	25.79	18445,00
25.94060	0.00	18.100	0,00	0.6790	416499,00	89.10	1670987,00	24,00	666.0	20.20	26.64	14885,00
73.53410	0.00	18.100	0,00	0.6790	2801532,00	100.00	2237478,00	24,00	666.0	20.20	20.62	29434,00
11.81230	0.00	18.100	0,00	0.7180	2315791,00	76.50	2206066,00	24,00	666.0	20.20	22.74	14824,00
11.08740	0.00	18.100	0,00	0.7180	807339,00	100.00	2443110,00	24,00	666.0	20.20	44607,00	16.70
7.02259	0.00	18.100	0,00	0.7180	6.0060	95.30	2500452,00	24,00	666.0	20.20	15.70	14.20
12.04820	0.00	18.100	0,00	0.6140	1672934,00	87.60	2780227,00	24,00	666.0	20.20	44848,00	20.80
7.05042	0.00	18.100	0,00	0.6140	6.1030	85.10	2.0218	24,00	666.0	20.20	23.29	13.40
8.79212	0.00	18.100	0,00	0.5840	1369782,00	70.60	2.0635	24,00	666.0	20.20	17.16	25873,00
15.86030	0.00	18.100	0,00	0.6790	2578735,00	95.40	2628287,00	24,00	666.0	20.20	24.39	11171,00
12.24720	0.00	18.100	0,00	0.5840	2363241,00	59.70	2949700,00	24,00	666.0	20.20	15.69	44105,00
37.66190	0.00	18.100	0,00	0.6790	43983,00	78.70	2457719,00	24,00	666.0	20.20	14.52	33147,00
7.36711	0.00	18.100	0,00	0.6790	11110,00	78.10	2723250,00	24,00	666.0	20.20	21.52	11.00
9.33889	0.00	18.100	0,00	0.6790	694114,00	95.60	2842320,00	24,00	666.0	20.20	44797,00	18507,00
8.49213	0.00	18.100	0,00	0.5840	577237,00	86.10	2.0527	24,00	666.0	20.20	17.64	14.50
10.06230	0.00	18.100	0,00	0.5840	2348662,00	94.30	2.0882	24,00	666.0	20.20	19.69	44848,00
6.44405	0.00	18.100	0,00	0.5840	858473,00	74.80	38018,00	24,00	666.0	20.20	44632,00	44850,00
5.58107	0.00	18.100	0,00	0.7130	898650,00	87.90	459508,00	24,00	666.0	20.20	16.22	14.30
13.91340	0.00	18.100	0,00	0.7130	65898,00	95.00	117641,00	24,00	666.0	20.20	15.17	25873,00
11.16040	0.00	18.100	0,00	0.7400	1603568,00	94.60	2.1247	24,00	666.0	20.20	23.27	13.40
14.42080	0.00	18.100	0,00	0.7400	989960,00	93.30	2.0026	24,00	666.0	20.20	44699,00	22160,00
15.17720	0.00	18.100	0,00	0.7400	6.1520	100.00	2645088,00	24,00	666.0	20.20	26.45	25781,00
13.67810	0.00	18.100	0,00	0.7400	2721179,00	87.90	2303221,00	24,00	666.0	20.20	34.02	14824,00
9.39063	0.00	18.100	0,00	0.7400	1596232,00	93.90	2290803,00	24,00	666.0	20.20	22.88	29556,00
22.05110	0.00	18.100	0,00	0.7400	2293846,00	92.40	2469772,00	24,00	666.0	20.20	44887,00	18537,00
9.72418	0.00	18.100	0,00	0.7400	789078,00	97.20	2.0651	24,00	666.0	20.20	19.52	44851,00
5.66637	0.00	18.100	0,00	0.7400	106074,00	100.00	2.0048	24,00	666.0	20.20	16.59	18.40
9.96654	0.00	18.100	0,00	0.7400	1077619,00	100.00	2879574,00	24,00	666.0	20.20	18.85	15.40
12.80230	0.00	18.100	0,00	0.7400	2425333,00	96.60	2577153,00	24,00	666.0	20.20	23.79	29495,00
10.67180	0.00	18.100	0,00	0.7400	982656,00	94.80	2914272,00	24,00	666.0	20.20	23.98	29526,00
6.28807	0.00	18.100	0,00	0.7400	551669,00	96.40	2.0720	24,00	666.0	20.20	17.79	14.90
9.92485	0.00	18.100	0,00	0.7400	222951,00	96.60	29252,00	24,00	666.0	20.20	16.44	22251,00
9.32909	0.00	18.100	0,00	0.7130	6.1850	98.70	261546,00	24,00	666.0	20.20	18.13	44848,00
7.52601	0.00	18.100	0,00	0.7130	829254,00	98.30	2.1850	24,00	666.0	20.20	19.31	13.00
6.71772	0.00	18.100	0,00	0.7130	2041859,00	92.60	487997,00	24,00	666.0	20.20	17.44	13.40
5.44114	0.00	18.100	0,00	0.7130	1698531,00	98.20	603413,00	24,00	666.0	20.20	17.73	15.20
5.09017	0.00	18.100	0,00	0.7130	390963,00	91.80	650896,00	24,00	666.0	20.20	17.27	44850,00
8.24809	0.00	18.100	0,00	0.7130	741625,00	99.30	959525,00	24,00	666.0	20.20	16.74	17.80
9.51363	0.00	18.100	0,00	0.7130	1965159,00	94.10	1118041,00	24,00	666.0	20.20	18.71	14.90
4.75237	0.00	18.100	0,00	0.7130	1223716,00	86.50	897799,00	24,00	666.0	20.20	18.13	44848,00
4.66883	0.00	18.100	0,00	0.7130	2870929,00	87.90	1426670,00	24,00	666.0	20.20	44580,00	25903,00
8.20058	0.00	18.100	0,00	0.7130	2724832,00	80.30	2152042,00	24,00	666.0	20.20	16.94	13.50
7.75223	0.00	18.100	0,00	0.7130	405572,00	83.70	2166286,00	24,00	666.0	20.20	16.23	14.90
6.80117	0.00	18.100	0,00	0.7130	6.0810	84.40	1926687,00	24,00	666.0	20.20	14.70	20.00
4.81213	0.00	18.100	0,00	0.7130	1866542,00	90.00	1488396,00	24,00	666.0	20.20	16.42	16.40
3.69311	0.00	18.100	0,00	0.7130	679505,00	88.40	1377363,00	24,00	666.0	20.20	14.65	17.70
6.65492	0.00	18.100	0,00	0.7130	464011,00	83.00	1988413,00	24,00	666.0	20.20	13.99	19.50
5.82115	0.00	18.100	0,00	0.7130	1179886,00	89.90	2233856,00	24,00	666.0	20.20	47392,00	20.20
7.83932	0.00	18.100	0,00	0.6550	69550,00	65.40	2824819,00	24,00	666.0	20.20	13.22	21.40
3.16360	0.00	18.100	0,00	0.6550	2078352,00	48.20	3.0665	24,00	666.0	20.20	14.13	19.90
3.77498	0.00	18.100	0,00	0.6550	2783270,00	84.70	2489160,00	24,00	666.0	20.20	17.15	19.00
4.42228	0.00	18.100	0,00	0.5840	6.0030	94.50	1279477,00	24,00	666.0	20.20	21.32	44853,00
15.57570	0.00	18.100	0,00	0.5800	2688308,00	71.00	2623935,00	24,00	666.0	20.20	18.13	44853,00
13.07510	0.00	18.100	0,00	0.5800	1910340,00	56.70	2314575,00	24,00	666.0	20.20	14.76	44854,00
4.34879	0.00	18.100	0,00	0.5800	6.1670	84.00	3.0334	24,00	666.0	20.20	16.29	19.90
4.03841	0.00	18.100	0,00	0.5320	142598,00	90.70	3.0993	24,00	666.0	20.20	32112,00	19.60
3.56868	0.00	18.100	0,00	0.5800	902302,00	75.00	2580472,00	24,00	666.0	20.20	14.36	23.20
4.64689	0.00	18.100	0,00	0.6140	2885569,00	67.60	1252450,00	24,00	666.0	20.20	24412,00	29.80
8.05579	0.00	18.100	0,00	0.5840	865747,00	95.40	875885,00	24,00	666.0	20.20	18.14	13.80
6.39312	0.00	18.100	0,00	0.5840	6.1620	97.40	58472,00	24,00	666.0	20.20	44858,00	13.30
4.87141	0.00	18.100	0,00	0.6140	1073967,00	93.60	421158,00	24,00	666.0	20.20	18.68	16.70
15.02340	0.00	18.100	0,00	0.6140	416499,00	97.30	2.1007	24,00	666.0	20.20	24.91	12.00
10.23300	0.00	18.100	0,00	0.6140	6.1850	96.70	2.1705	24,00	666.0	20.20	44638,00	14.60
14.33370	0.00	18.100	0,00	0.6140	142598,00	88.00	2780227,00	24,00	666.0	20.20	44878,00	21.40
5.82401	0.00	18.100	0,00	0.5320	190080,00	64.70	855459,00	24,00	666.0	20.20	27303,00	23.00
5.70818	0.00	18.100	0,00	0.5320	2045511,00	74.90	517610,00	24,00	666.0	20.20	27211,00	23.70
5.73116	0.00	18.100	0,00	0.5320	7.0610	77.00	805786,00	24,00	666.0	20.20	44568,00	25.00
2.81838	0.00	18.100	0,00	0.5320	2089310,00	40.30	4.0983	24,00	666.0	20.20	15615,00	21.80
2.37857	0.00	18.100	0,00	0.5830	2487423,00	41.90	1950457,00	24,00	666.0	20.20	13.34	20.60
3.67367	0.00	18.100	0,00	0.5830	445749,00	51.90	2928210,00	24,00	666.0	20.20	21459,00	21.20
5.69175	0.00	18.100	0,00	0.5830	6.1140	79.80	1299959,00	24,00	666.0	20.20	14.98	44853,00
4.83567	0.00	18.100	0,00	0.5830	2611606,00	53.20	3.1523	24,00	666.0	20.20	16742,00	20.60
0.15086	0.00	27.740	0,00	0.6090	964363,00	92.70	2304317,00	4,00	711.0	44854,00	44730,00	15.20
0.18337	0.00	27.740	0,00	0.6090	818266,00	98.30	2065083,00	4,00	711.0	44854,00	23.97	7.00
0.20746	0.00	27.740	0,00	0.6090	5.0930	98.00	2310526,00	4,00	711.0	44854,00	29.68	44842,00
0.10574	0.00	27.740	0,00	0.6090	2896495,00	98.80	2476712,00	4,00	711.0	44854,00	44760,00	13.60
0.11132	0.00	27.740	0,00	0.6090	2896495,00	83.50	2.1099	4,00	711.0	44854,00	13.35	44854,00
0.17331	0.00	9.690	0,00	0.5850	1888426,00	54.00	700203,00	6,00	391.0	19.20	44573,00	21.80
0.27957	0.00	9.690	0,00	0.5850	2688308,00	42.60	700203,00	6,00	391.0	19.20	13.59	24.50
0.17899	0.00	9.690	0,00	0.5850	1753286,00	28.80	2222899,00	6,00	391.0	19.20	17.60	44857,00
0.28960	0.00	9.690	0,00	0.5850	730607,00	72.90	2222899,00	6,00	391.0	19.20	21.14	19.70
0.26838	0.00	9.690	0,00	0.5850	2206187,00	70.60	2566592,00	6,00	391.0	19.20	44848,00	18.30
0.23912	0.00	9.690	0,00	0.5850	6.0190	65.30	800280,00	6,00	391.0	19.20	33939,00	21.20
0.17783	0.00	9.690	0,00	0.5850	1384392,00	73.50	766677,00	6,00	391.0	19.20	44849,00	17.50
0.22438	0.00	9.690	0,00	0.5850	6.0270	79.70	1125711,00	6,00	391.0	19.20	14.33	16.80
0.06263	0.00	11.930	0,00	0.5730	1472080,00	69.10	1054123,00	1,00	273.0	21.00	24716,00	22.40
0.04527	0.00	11.930	0,00	0.5730	6.1200	76.70	356145,00	1,00	273.0	21.00	44782,00	20.60
0.06076	0.00	11.930	0,00	0.5730	2870960,00	91.00	2.1675	1,00	273.0	21.00	23498,00	23.90
0.10959	0.00	11.930	0,00	0.5730	2206218,00	89.30	726501,00	1,00	273.0	21.00	17685,00	22.00
0.04741	0.00	11.930	0,00	0.5730	6.0300	80.80	1150547,00	1,00	273.0	21.00	32325,00	33178,00
